<annotation>
	<folder>cone_pics</folder>
	<filename>cone_pics_9.jpg</filename>
	<path>/home/mg/Pictures/cone_pics/cone_pics_9.jpg</path>
	<source>
		<database>Unknown</database>
	</source>
	<size>
		<width>1280</width>
		<height>720</height>
		<depth>3</depth>
	</size>
	<segmented>0</segmented>
	<object>
		<name>green_cone</name>
		<pose>Unspecified</pose>
		<truncated>1</truncated>
		<difficult>0</difficult>
		<bndbox>
			<xmin>425</xmin>
			<ymin>273</ymin>
			<xmax>790</xmax>
			<ymax>720</ymax>
		</bndbox>
	</object>
	<object>
		<name>red_cone</name>
		<pose>Unspecified</pose>
		<truncated>0</truncated>
		<difficult>0</difficult>
		<bndbox>
			<xmin>672</xmin>
			<ymin>177</ymin>
			<xmax>990</xmax>
			<ymax>636</ymax>
		</bndbox>
	</object>
	<object>
		<name>yellow_cone</name>
		<pose>Unspecified</pose>
		<truncated>0</truncated>
		<difficult>0</difficult>
		<bndbox>
			<xmin>859</xmin>
			<ymin>105</ymin>
			<xmax>1107</xmax>
			<ymax>473</ymax>
		</bndbox>
	</object>
</annotation>
