<annotation>
	<folder>cone_pics_labeled</folder>
	<filename>cone_pics_63.jpg</filename>
	<path>/home/mg/Pictures/cone_pics_labeled/cone_pics_63.jpg</path>
	<source>
		<database>Unknown</database>
	</source>
	<size>
		<width>1280</width>
		<height>720</height>
		<depth>3</depth>
	</size>
	<segmented>0</segmented>
	<object>
		<name>green_cone</name>
		<pose>Unspecified</pose>
		<truncated>0</truncated>
		<difficult>0</difficult>
		<bndbox>
			<xmin>684</xmin>
			<ymin>501</ymin>
			<xmax>779</xmax>
			<ymax>590</ymax>
		</bndbox>
	</object>
	<object>
		<name>yellow_cone</name>
		<pose>Unspecified</pose>
		<truncated>0</truncated>
		<difficult>0</difficult>
		<bndbox>
			<xmin>695</xmin>
			<ymin>320</ymin>
			<xmax>768</xmax>
			<ymax>399</ymax>
		</bndbox>
	</object>
	<object>
		<name>red_cone</name>
		<pose>Unspecified</pose>
		<truncated>0</truncated>
		<difficult>0</difficult>
		<bndbox>
			<xmin>728</xmin>
			<ymin>100</ymin>
			<xmax>810</xmax>
			<ymax>198</ymax>
		</bndbox>
	</object>
</annotation>
