<annotation>
	<folder>cone_pics_labeled</folder>
	<filename>cone_pics_65.jpg</filename>
	<path>/home/mg/Pictures/cone_pics_labeled/cone_pics_65.jpg</path>
	<source>
		<database>Unknown</database>
	</source>
	<size>
		<width>1280</width>
		<height>720</height>
		<depth>3</depth>
	</size>
	<segmented>0</segmented>
	<object>
		<name>red_cone</name>
		<pose>Unspecified</pose>
		<truncated>0</truncated>
		<difficult>0</difficult>
		<bndbox>
			<xmin>673</xmin>
			<ymin>309</ymin>
			<xmax>741</xmax>
			<ymax>396</ymax>
		</bndbox>
	</object>
	<object>
		<name>green_cone</name>
		<pose>Unspecified</pose>
		<truncated>0</truncated>
		<difficult>0</difficult>
		<bndbox>
			<xmin>682</xmin>
			<ymin>246</ymin>
			<xmax>736</xmax>
			<ymax>321</ymax>
		</bndbox>
	</object>
	<object>
		<name>yellow_cone</name>
		<pose>Unspecified</pose>
		<truncated>0</truncated>
		<difficult>0</difficult>
		<bndbox>
			<xmin>723</xmin>
			<ymin>208</ymin>
			<xmax>765</xmax>
			<ymax>280</ymax>
		</bndbox>
	</object>
</annotation>
