<annotation>
	<folder>cone_pics_labeled</folder>
	<filename>cone_pics_60.jpg</filename>
	<path>/home/mg/Pictures/cone_pics_labeled/cone_pics_60.jpg</path>
	<source>
		<database>Unknown</database>
	</source>
	<size>
		<width>1280</width>
		<height>720</height>
		<depth>3</depth>
	</size>
	<segmented>0</segmented>
	<object>
		<name>green_cone</name>
		<pose>Unspecified</pose>
		<truncated>0</truncated>
		<difficult>0</difficult>
		<bndbox>
			<xmin>484</xmin>
			<ymin>506</ymin>
			<xmax>563</xmax>
			<ymax>603</ymax>
		</bndbox>
	</object>
	<object>
		<name>yellow_cone</name>
		<pose>Unspecified</pose>
		<truncated>0</truncated>
		<difficult>0</difficult>
		<bndbox>
			<xmin>682</xmin>
			<ymin>363</ymin>
			<xmax>760</xmax>
			<ymax>459</ymax>
		</bndbox>
	</object>
	<object>
		<name>red_cone</name>
		<pose>Unspecified</pose>
		<truncated>0</truncated>
		<difficult>0</difficult>
		<bndbox>
			<xmin>707</xmin>
			<ymin>211</ymin>
			<xmax>779</xmax>
			<ymax>301</ymax>
		</bndbox>
	</object>
</annotation>
