<annotation>
	<folder>cone_pics_labeled</folder>
	<filename>cone_pics_68.jpg</filename>
	<path>/home/mg/Pictures/cone_pics_labeled/cone_pics_68.jpg</path>
	<source>
		<database>Unknown</database>
	</source>
	<size>
		<width>1280</width>
		<height>720</height>
		<depth>3</depth>
	</size>
	<segmented>0</segmented>
	<object>
		<name>yellow_cone</name>
		<pose>Unspecified</pose>
		<truncated>0</truncated>
		<difficult>0</difficult>
		<bndbox>
			<xmin>663</xmin>
			<ymin>198</ymin>
			<xmax>691</xmax>
			<ymax>242</ymax>
		</bndbox>
	</object>
	<object>
		<name>green_cone</name>
		<pose>Unspecified</pose>
		<truncated>0</truncated>
		<difficult>0</difficult>
		<bndbox>
			<xmin>542</xmin>
			<ymin>170</ymin>
			<xmax>573</xmax>
			<ymax>213</ymax>
		</bndbox>
	</object>
	<object>
		<name>red_cone</name>
		<pose>Unspecified</pose>
		<truncated>0</truncated>
		<difficult>0</difficult>
		<bndbox>
			<xmin>484</xmin>
			<ymin>156</ymin>
			<xmax>512</xmax>
			<ymax>196</ymax>
		</bndbox>
	</object>
</annotation>
