<annotation>
	<folder>cone_pics</folder>
	<filename>cone_pics_7.jpg</filename>
	<path>/home/mg/Pictures/cone_pics/cone_pics_7.jpg</path>
	<source>
		<database>Unknown</database>
	</source>
	<size>
		<width>1280</width>
		<height>720</height>
		<depth>3</depth>
	</size>
	<segmented>0</segmented>
	<object>
		<name>yellow_cone</name>
		<pose>Unspecified</pose>
		<truncated>0</truncated>
		<difficult>0</difficult>
		<bndbox>
			<xmin>78</xmin>
			<ymin>444</ymin>
			<xmax>275</xmax>
			<ymax>688</ymax>
		</bndbox>
	</object>
	<object>
		<name>green_cone</name>
		<pose>Unspecified</pose>
		<truncated>0</truncated>
		<difficult>0</difficult>
		<bndbox>
			<xmin>422</xmin>
			<ymin>281</ymin>
			<xmax>539</xmax>
			<ymax>431</ymax>
		</bndbox>
	</object>
	<object>
		<name>red_cone</name>
		<pose>Unspecified</pose>
		<truncated>0</truncated>
		<difficult>0</difficult>
		<bndbox>
			<xmin>1061</xmin>
			<ymin>78</ymin>
			<xmax>1203</xmax>
			<ymax>281</ymax>
		</bndbox>
	</object>
</annotation>
