<annotation>
	<folder>cone_pics</folder>
	<filename>cone_pics_48.jpg</filename>
	<path>/home/mg/Pictures/cone_pics/cone_pics_48.jpg</path>
	<source>
		<database>Unknown</database>
	</source>
	<size>
		<width>1280</width>
		<height>720</height>
		<depth>3</depth>
	</size>
	<segmented>0</segmented>
	<object>
		<name>red_cone</name>
		<pose>Unspecified</pose>
		<truncated>0</truncated>
		<difficult>0</difficult>
		<bndbox>
			<xmin>340</xmin>
			<ymin>188</ymin>
			<xmax>626</xmax>
			<ymax>678</ymax>
		</bndbox>
	</object>
	<object>
		<name>green_cone</name>
		<pose>Unspecified</pose>
		<truncated>0</truncated>
		<difficult>0</difficult>
		<bndbox>
			<xmin>724</xmin>
			<ymin>147</ymin>
			<xmax>1033</xmax>
			<ymax>578</ymax>
		</bndbox>
	</object>
</annotation>
