<annotation>
	<folder>cone_pics_labeled</folder>
	<filename>cone_pics_74.jpg</filename>
	<path>/home/mg/Pictures/cone_pics_labeled/cone_pics_74.jpg</path>
	<source>
		<database>Unknown</database>
	</source>
	<size>
		<width>1280</width>
		<height>720</height>
		<depth>3</depth>
	</size>
	<segmented>0</segmented>
	<object>
		<name>yellow_cone</name>
		<pose>Unspecified</pose>
		<truncated>0</truncated>
		<difficult>0</difficult>
		<bndbox>
			<xmin>389</xmin>
			<ymin>42</ymin>
			<xmax>553</xmax>
			<ymax>240</ymax>
		</bndbox>
	</object>
	<object>
		<name>red_cone</name>
		<pose>Unspecified</pose>
		<truncated>0</truncated>
		<difficult>0</difficult>
		<bndbox>
			<xmin>726</xmin>
			<ymin>121</ymin>
			<xmax>904</xmax>
			<ymax>315</ymax>
		</bndbox>
	</object>
	<object>
		<name>green_cone</name>
		<pose>Unspecified</pose>
		<truncated>0</truncated>
		<difficult>0</difficult>
		<bndbox>
			<xmin>692</xmin>
			<ymin>522</ymin>
			<xmax>878</xmax>
			<ymax>707</ymax>
		</bndbox>
	</object>
</annotation>
