<annotation>
	<folder>cone_pics_labeled</folder>
	<filename>cone_pics_59.jpg</filename>
	<path>/home/mg/Pictures/cone_pics_labeled/cone_pics_59.jpg</path>
	<source>
		<database>Unknown</database>
	</source>
	<size>
		<width>1280</width>
		<height>720</height>
		<depth>3</depth>
	</size>
	<segmented>0</segmented>
	<object>
		<name>green_cone</name>
		<pose>Unspecified</pose>
		<truncated>0</truncated>
		<difficult>0</difficult>
		<bndbox>
			<xmin>495</xmin>
			<ymin>358</ymin>
			<xmax>582</xmax>
			<ymax>477</ymax>
		</bndbox>
	</object>
	<object>
		<name>yellow_cone</name>
		<pose>Unspecified</pose>
		<truncated>0</truncated>
		<difficult>0</difficult>
		<bndbox>
			<xmin>728</xmin>
			<ymin>196</ymin>
			<xmax>818</xmax>
			<ymax>319</ymax>
		</bndbox>
	</object>
	<object>
		<name>red_cone</name>
		<pose>Unspecified</pose>
		<truncated>0</truncated>
		<difficult>0</difficult>
		<bndbox>
			<xmin>750</xmin>
			<ymin>23</ymin>
			<xmax>836</xmax>
			<ymax>139</ymax>
		</bndbox>
	</object>
</annotation>
