<annotation>
	<folder>cone_pics</folder>
	<filename>cone_pics_43.jpg</filename>
	<path>/home/mg/Pictures/cone_pics/cone_pics_43.jpg</path>
	<source>
		<database>Unknown</database>
	</source>
	<size>
		<width>1280</width>
		<height>720</height>
		<depth>3</depth>
	</size>
	<segmented>0</segmented>
	<object>
		<name>green_cone</name>
		<pose>Unspecified</pose>
		<truncated>0</truncated>
		<difficult>0</difficult>
		<bndbox>
			<xmin>879</xmin>
			<ymin>158</ymin>
			<xmax>1169</xmax>
			<ymax>548</ymax>
		</bndbox>
	</object>
	<object>
		<name>yellow_cone</name>
		<pose>Unspecified</pose>
		<truncated>0</truncated>
		<difficult>0</difficult>
		<bndbox>
			<xmin>167</xmin>
			<ymin>231</ymin>
			<xmax>396</xmax>
			<ymax>613</ymax>
		</bndbox>
	</object>
</annotation>
