<annotation>
	<folder>images</folder>
	<filename>cone_pics_87.jpg</filename>
	<path>/home/mg/Documents/csun/ece595r/ece595r-final-project/images/cone_pics_87.jpg</path>
	<source>
		<database>Unknown</database>
	</source>
	<size>
		<width>1280</width>
		<height>720</height>
		<depth>3</depth>
	</size>
	<segmented>0</segmented>
	<object>
		<name>red_cone</name>
		<pose>Unspecified</pose>
		<truncated>0</truncated>
		<difficult>0</difficult>
		<bndbox>
			<xmin>572</xmin>
			<ymin>300</ymin>
			<xmax>706</xmax>
			<ymax>475</ymax>
		</bndbox>
	</object>
	<object>
		<name>green_cone</name>
		<pose>Unspecified</pose>
		<truncated>0</truncated>
		<difficult>0</difficult>
		<bndbox>
			<xmin>827</xmin>
			<ymin>60</ymin>
			<xmax>966</xmax>
			<ymax>244</ymax>
		</bndbox>
	</object>
	<object>
		<name>yellow_cone</name>
		<pose>Unspecified</pose>
		<truncated>0</truncated>
		<difficult>0</difficult>
		<bndbox>
			<xmin>976</xmin>
			<ymin>474</ymin>
			<xmax>1130</xmax>
			<ymax>661</ymax>
		</bndbox>
	</object>
</annotation>
