<annotation>
	<folder>cone_pics</folder>
	<filename>cone_pics_47.jpg</filename>
	<path>/home/mg/Pictures/cone_pics/cone_pics_47.jpg</path>
	<source>
		<database>Unknown</database>
	</source>
	<size>
		<width>1280</width>
		<height>720</height>
		<depth>3</depth>
	</size>
	<segmented>0</segmented>
	<object>
		<name>yellow_cone</name>
		<pose>Unspecified</pose>
		<truncated>0</truncated>
		<difficult>0</difficult>
		<bndbox>
			<xmin>433</xmin>
			<ymin>96</ymin>
			<xmax>767</xmax>
			<ymax>687</ymax>
		</bndbox>
	</object>
	<object>
		<name>green_cone</name>
		<pose>Unspecified</pose>
		<truncated>0</truncated>
		<difficult>0</difficult>
		<bndbox>
			<xmin>810</xmin>
			<ymin>34</ymin>
			<xmax>1205</xmax>
			<ymax>618</ymax>
		</bndbox>
	</object>
</annotation>
