<annotation>
	<folder>cone_pics</folder>
	<filename>cone_pics_37.jpg</filename>
	<path>/home/mg/Pictures/cone_pics/cone_pics_37.jpg</path>
	<source>
		<database>Unknown</database>
	</source>
	<size>
		<width>1280</width>
		<height>720</height>
		<depth>3</depth>
	</size>
	<segmented>0</segmented>
	<object>
		<name>green_cone</name>
		<pose>Unspecified</pose>
		<truncated>0</truncated>
		<difficult>0</difficult>
		<bndbox>
			<xmin>576</xmin>
			<ymin>42</ymin>
			<xmax>948</xmax>
			<ymax>654</ymax>
		</bndbox>
	</object>
</annotation>
