<annotation>
	<folder>cone_pics_labeled</folder>
	<filename>cone_pics_61.jpg</filename>
	<path>/home/mg/Pictures/cone_pics_labeled/cone_pics_61.jpg</path>
	<source>
		<database>Unknown</database>
	</source>
	<size>
		<width>1280</width>
		<height>720</height>
		<depth>3</depth>
	</size>
	<segmented>0</segmented>
	<object>
		<name>red_cone</name>
		<pose>Unspecified</pose>
		<truncated>0</truncated>
		<difficult>0</difficult>
		<bndbox>
			<xmin>390</xmin>
			<ymin>388</ymin>
			<xmax>481</xmax>
			<ymax>477</ymax>
		</bndbox>
	</object>
	<object>
		<name>yellow_cone</name>
		<pose>Unspecified</pose>
		<truncated>0</truncated>
		<difficult>0</difficult>
		<bndbox>
			<xmin>621</xmin>
			<ymin>388</ymin>
			<xmax>706</xmax>
			<ymax>469</ymax>
		</bndbox>
	</object>
	<object>
		<name>green_cone</name>
		<pose>Unspecified</pose>
		<truncated>0</truncated>
		<difficult>0</difficult>
		<bndbox>
			<xmin>785</xmin>
			<ymin>357</ymin>
			<xmax>878</xmax>
			<ymax>442</ymax>
		</bndbox>
	</object>
</annotation>
