<annotation>
	<folder>cone_pics</folder>
	<filename>cone_pics_29.jpg</filename>
	<path>/home/mg/Pictures/cone_pics/cone_pics_29.jpg</path>
	<source>
		<database>Unknown</database>
	</source>
	<size>
		<width>1280</width>
		<height>720</height>
		<depth>3</depth>
	</size>
	<segmented>0</segmented>
	<object>
		<name>yellow_cone</name>
		<pose>Unspecified</pose>
		<truncated>0</truncated>
		<difficult>0</difficult>
		<bndbox>
			<xmin>568</xmin>
			<ymin>78</ymin>
			<xmax>805</xmax>
			<ymax>425</ymax>
		</bndbox>
	</object>
</annotation>
