<annotation>
	<folder>cone_pics_labeled</folder>
	<filename>cone_pics_66.jpg</filename>
	<path>/home/mg/Pictures/cone_pics_labeled/cone_pics_66.jpg</path>
	<source>
		<database>Unknown</database>
	</source>
	<size>
		<width>1280</width>
		<height>720</height>
		<depth>3</depth>
	</size>
	<segmented>0</segmented>
	<object>
		<name>red_cone</name>
		<pose>Unspecified</pose>
		<truncated>0</truncated>
		<difficult>0</difficult>
		<bndbox>
			<xmin>634</xmin>
			<ymin>548</ymin>
			<xmax>691</xmax>
			<ymax>636</ymax>
		</bndbox>
	</object>
	<object>
		<name>green_cone</name>
		<pose>Unspecified</pose>
		<truncated>0</truncated>
		<difficult>0</difficult>
		<bndbox>
			<xmin>798</xmin>
			<ymin>462</ymin>
			<xmax>866</xmax>
			<ymax>547</ymax>
		</bndbox>
	</object>
	<object>
		<name>yellow_cone</name>
		<pose>Unspecified</pose>
		<truncated>0</truncated>
		<difficult>0</difficult>
		<bndbox>
			<xmin>1050</xmin>
			<ymin>351</ymin>
			<xmax>1108</xmax>
			<ymax>428</ymax>
		</bndbox>
	</object>
</annotation>
