<annotation>
	<folder>cone_pics</folder>
	<filename>cone_pics_1.jpg</filename>
	<path>/home/mg/Pictures/cone_pics/cone_pics_1.jpg</path>
	<source>
		<database>Unknown</database>
	</source>
	<size>
		<width>1280</width>
		<height>720</height>
		<depth>3</depth>
	</size>
	<segmented>0</segmented>
	<object>
		<name>red_cone</name>
		<pose>Unspecified</pose>
		<truncated>0</truncated>
		<difficult>0</difficult>
		<bndbox>
			<xmin>325</xmin>
			<ymin>310</ymin>
			<xmax>468</xmax>
			<ymax>540</ymax>
		</bndbox>
	</object>
	<object>
		<name>green_cone</name>
		<pose>Unspecified</pose>
		<truncated>0</truncated>
		<difficult>0</difficult>
		<bndbox>
			<xmin>611</xmin>
			<ymin>195</ymin>
			<xmax>695</xmax>
			<ymax>323</ymax>
		</bndbox>
	</object>
	<object>
		<name>yellow_cone</name>
		<pose>Unspecified</pose>
		<truncated>0</truncated>
		<difficult>0</difficult>
		<bndbox>
			<xmin>937</xmin>
			<ymin>212</ymin>
			<xmax>1136</xmax>
			<ymax>489</ymax>
		</bndbox>
	</object>
</annotation>
