<annotation>
	<folder>images</folder>
	<filename>cone_pics_89.jpg</filename>
	<path>/home/mg/Documents/csun/ece595r/ece595r-final-project/images/cone_pics_89.jpg</path>
	<source>
		<database>Unknown</database>
	</source>
	<size>
		<width>1280</width>
		<height>720</height>
		<depth>3</depth>
	</size>
	<segmented>0</segmented>
	<object>
		<name>red_cone</name>
		<pose>Unspecified</pose>
		<truncated>0</truncated>
		<difficult>0</difficult>
		<bndbox>
			<xmin>519</xmin>
			<ymin>205</ymin>
			<xmax>611</xmax>
			<ymax>321</ymax>
		</bndbox>
	</object>
	<object>
		<name>green_cone</name>
		<pose>Unspecified</pose>
		<truncated>0</truncated>
		<difficult>0</difficult>
		<bndbox>
			<xmin>806</xmin>
			<ymin>105</ymin>
			<xmax>902</xmax>
			<ymax>234</ymax>
		</bndbox>
	</object>
	<object>
		<name>yellow_cone</name>
		<pose>Unspecified</pose>
		<truncated>0</truncated>
		<difficult>0</difficult>
		<bndbox>
			<xmin>694</xmin>
			<ymin>477</ymin>
			<xmax>828</xmax>
			<ymax>601</ymax>
		</bndbox>
	</object>
</annotation>
