<annotation>
	<folder>cone_pics</folder>
	<filename>cone_pics_51.jpg</filename>
	<path>/home/mg/Pictures/cone_pics/cone_pics_51.jpg</path>
	<source>
		<database>Unknown</database>
	</source>
	<size>
		<width>1280</width>
		<height>720</height>
		<depth>3</depth>
	</size>
	<segmented>0</segmented>
	<object>
		<name>red_cone</name>
		<pose>Unspecified</pose>
		<truncated>0</truncated>
		<difficult>0</difficult>
		<bndbox>
			<xmin>896</xmin>
			<ymin>269</ymin>
			<xmax>1170</xmax>
			<ymax>623</ymax>
		</bndbox>
	</object>
	<object>
		<name>green_cone</name>
		<pose>Unspecified</pose>
		<truncated>0</truncated>
		<difficult>0</difficult>
		<bndbox>
			<xmin>321</xmin>
			<ymin>268</ymin>
			<xmax>604</xmax>
			<ymax>711</ymax>
		</bndbox>
	</object>
</annotation>
