<annotation>
	<folder>cone_pics</folder>
	<filename>cone_pics_3.jpg</filename>
	<path>/home/mg/Pictures/cone_pics/cone_pics_3.jpg</path>
	<source>
		<database>Unknown</database>
	</source>
	<size>
		<width>1280</width>
		<height>720</height>
		<depth>3</depth>
	</size>
	<segmented>0</segmented>
	<object>
		<name>yellow_cone</name>
		<pose>Unspecified</pose>
		<truncated>0</truncated>
		<difficult>0</difficult>
		<bndbox>
			<xmin>1060</xmin>
			<ymin>126</ymin>
			<xmax>1217</xmax>
			<ymax>350</ymax>
		</bndbox>
	</object>
	<object>
		<name>green_cone</name>
		<pose>Unspecified</pose>
		<truncated>1</truncated>
		<difficult>0</difficult>
		<bndbox>
			<xmin>1</xmin>
			<ymin>432</ymin>
			<xmax>234</xmax>
			<ymax>720</ymax>
		</bndbox>
	</object>
</annotation>
