<annotation>
	<folder>cone_pics</folder>
	<filename>cone_pics_18.jpg</filename>
	<path>/home/mg/Pictures/cone_pics/cone_pics_18.jpg</path>
	<source>
		<database>Unknown</database>
	</source>
	<size>
		<width>1280</width>
		<height>720</height>
		<depth>3</depth>
	</size>
	<segmented>0</segmented>
	<object>
		<name>red_cone</name>
		<pose>Unspecified</pose>
		<truncated>1</truncated>
		<difficult>0</difficult>
		<bndbox>
			<xmin>569</xmin>
			<ymin>71</ymin>
			<xmax>1040</xmax>
			<ymax>720</ymax>
		</bndbox>
	</object>
</annotation>
