<annotation>
	<folder>cone_pics</folder>
	<filename>cone_pics_55.jpg</filename>
	<path>/home/mg/Pictures/cone_pics/cone_pics_55.jpg</path>
	<source>
		<database>Unknown</database>
	</source>
	<size>
		<width>1280</width>
		<height>720</height>
		<depth>3</depth>
	</size>
	<segmented>0</segmented>
	<object>
		<name>yellow_cone</name>
		<pose>Unspecified</pose>
		<truncated>0</truncated>
		<difficult>0</difficult>
		<bndbox>
			<xmin>752</xmin>
			<ymin>107</ymin>
			<xmax>1170</xmax>
			<ymax>678</ymax>
		</bndbox>
	</object>
	<object>
		<name>red_cone</name>
		<pose>Unspecified</pose>
		<truncated>0</truncated>
		<difficult>0</difficult>
		<bndbox>
			<xmin>284</xmin>
			<ymin>129</ymin>
			<xmax>622</xmax>
			<ymax>697</ymax>
		</bndbox>
	</object>
</annotation>
