<annotation>
	<folder>cone_pics</folder>
	<filename>cone_pics_4.jpg</filename>
	<path>/home/mg/Pictures/cone_pics/cone_pics_4.jpg</path>
	<source>
		<database>Unknown</database>
	</source>
	<size>
		<width>1280</width>
		<height>720</height>
		<depth>3</depth>
	</size>
	<segmented>0</segmented>
	<object>
		<name>yellow_cone</name>
		<pose>Unspecified</pose>
		<truncated>0</truncated>
		<difficult>0</difficult>
		<bndbox>
			<xmin>552</xmin>
			<ymin>105</ymin>
			<xmax>688</xmax>
			<ymax>313</ymax>
		</bndbox>
	</object>
	<object>
		<name>red_cone</name>
		<pose>Unspecified</pose>
		<truncated>0</truncated>
		<difficult>0</difficult>
		<bndbox>
			<xmin>713</xmin>
			<ymin>218</ymin>
			<xmax>1075</xmax>
			<ymax>717</ymax>
		</bndbox>
	</object>
</annotation>
