<annotation>
	<folder>cone_pics_labeled</folder>
	<filename>cone_pics_70.jpg</filename>
	<path>/home/mg/Pictures/cone_pics_labeled/cone_pics_70.jpg</path>
	<source>
		<database>Unknown</database>
	</source>
	<size>
		<width>1280</width>
		<height>720</height>
		<depth>3</depth>
	</size>
	<segmented>0</segmented>
	<object>
		<name>red_cone</name>
		<pose>Unspecified</pose>
		<truncated>0</truncated>
		<difficult>0</difficult>
		<bndbox>
			<xmin>678</xmin>
			<ymin>268</ymin>
			<xmax>701</xmax>
			<ymax>300</ymax>
		</bndbox>
	</object>
	<object>
		<name>green_cone</name>
		<pose>Unspecified</pose>
		<truncated>0</truncated>
		<difficult>0</difficult>
		<bndbox>
			<xmin>633</xmin>
			<ymin>250</ymin>
			<xmax>658</xmax>
			<ymax>280</ymax>
		</bndbox>
	</object>
	<object>
		<name>yellow_cone</name>
		<pose>Unspecified</pose>
		<truncated>0</truncated>
		<difficult>0</difficult>
		<bndbox>
			<xmin>566</xmin>
			<ymin>230</ymin>
			<xmax>586</xmax>
			<ymax>260</ymax>
		</bndbox>
	</object>
</annotation>
