<annotation>
	<folder>cone_pics</folder>
	<filename>cone_pics_49.jpg</filename>
	<path>/home/mg/Pictures/cone_pics/cone_pics_49.jpg</path>
	<source>
		<database>Unknown</database>
	</source>
	<size>
		<width>1280</width>
		<height>720</height>
		<depth>3</depth>
	</size>
	<segmented>0</segmented>
	<object>
		<name>red_cone</name>
		<pose>Unspecified</pose>
		<truncated>0</truncated>
		<difficult>0</difficult>
		<bndbox>
			<xmin>887</xmin>
			<ymin>165</ymin>
			<xmax>1050</xmax>
			<ymax>377</ymax>
		</bndbox>
	</object>
	<object>
		<name>green_cone</name>
		<pose>Unspecified</pose>
		<truncated>0</truncated>
		<difficult>0</difficult>
		<bndbox>
			<xmin>1011</xmin>
			<ymin>150</ymin>
			<xmax>1148</xmax>
			<ymax>333</ymax>
		</bndbox>
	</object>
</annotation>
