<annotation>
	<folder>cone_pics</folder>
	<filename>cone_pics_57.jpg</filename>
	<path>/home/mg/Pictures/cone_pics/cone_pics_57.jpg</path>
	<source>
		<database>Unknown</database>
	</source>
	<size>
		<width>1280</width>
		<height>720</height>
		<depth>3</depth>
	</size>
	<segmented>0</segmented>
	<object>
		<name>yellow_cone</name>
		<pose>Unspecified</pose>
		<truncated>0</truncated>
		<difficult>0</difficult>
		<bndbox>
			<xmin>367</xmin>
			<ymin>257</ymin>
			<xmax>453</xmax>
			<ymax>381</ymax>
		</bndbox>
	</object>
	<object>
		<name>red_cone</name>
		<pose>Unspecified</pose>
		<truncated>0</truncated>
		<difficult>0</difficult>
		<bndbox>
			<xmin>480</xmin>
			<ymin>240</ymin>
			<xmax>564</xmax>
			<ymax>360</ymax>
		</bndbox>
	</object>
</annotation>
