<annotation>
	<folder>cone_pics</folder>
	<filename>cone_pics_10.jpg</filename>
	<path>/home/mg/Pictures/cone_pics/cone_pics_10.jpg</path>
	<source>
		<database>Unknown</database>
	</source>
	<size>
		<width>1280</width>
		<height>720</height>
		<depth>3</depth>
	</size>
	<segmented>0</segmented>
	<object>
		<name>red_cone</name>
		<pose>Unspecified</pose>
		<truncated>0</truncated>
		<difficult>0</difficult>
		<bndbox>
			<xmin>382</xmin>
			<ymin>446</ymin>
			<xmax>545</xmax>
			<ymax>703</ymax>
		</bndbox>
	</object>
	<object>
		<name>green_cone</name>
		<pose>Unspecified</pose>
		<truncated>0</truncated>
		<difficult>0</difficult>
		<bndbox>
			<xmin>561</xmin>
			<ymin>306</ymin>
			<xmax>654</xmax>
			<ymax>425</ymax>
		</bndbox>
	</object>
	<object>
		<name>yellow_cone</name>
		<pose>Unspecified</pose>
		<truncated>0</truncated>
		<difficult>0</difficult>
		<bndbox>
			<xmin>971</xmin>
			<ymin>195</ymin>
			<xmax>1074</xmax>
			<ymax>329</ymax>
		</bndbox>
	</object>
</annotation>
