<annotation>
	<folder>cone_pics</folder>
	<filename>cone_pics_2.jpg</filename>
	<path>/home/mg/Pictures/cone_pics/cone_pics_2.jpg</path>
	<source>
		<database>Unknown</database>
	</source>
	<size>
		<width>1280</width>
		<height>720</height>
		<depth>3</depth>
	</size>
	<segmented>0</segmented>
	<object>
		<name>green_cone</name>
		<pose>Unspecified</pose>
		<truncated>0</truncated>
		<difficult>0</difficult>
		<bndbox>
			<xmin>182</xmin>
			<ymin>353</ymin>
			<xmax>315</xmax>
			<ymax>515</ymax>
		</bndbox>
	</object>
	<object>
		<name>red_cone</name>
		<pose>Unspecified</pose>
		<truncated>0</truncated>
		<difficult>0</difficult>
		<bndbox>
			<xmin>662</xmin>
			<ymin>262</ymin>
			<xmax>829</xmax>
			<ymax>508</ymax>
		</bndbox>
	</object>
	<object>
		<name>yellow_cone</name>
		<pose>Unspecified</pose>
		<truncated>0</truncated>
		<difficult>0</difficult>
		<bndbox>
			<xmin>846</xmin>
			<ymin>124</ymin>
			<xmax>957</xmax>
			<ymax>276</ymax>
		</bndbox>
	</object>
</annotation>
