<annotation>
	<folder>cone_pics</folder>
	<filename>cone_pics_50.jpg</filename>
	<path>/home/mg/Pictures/cone_pics/cone_pics_50.jpg</path>
	<source>
		<database>Unknown</database>
	</source>
	<size>
		<width>1280</width>
		<height>720</height>
		<depth>3</depth>
	</size>
	<segmented>0</segmented>
	<object>
		<name>green_cone</name>
		<pose>Unspecified</pose>
		<truncated>0</truncated>
		<difficult>0</difficult>
		<bndbox>
			<xmin>308</xmin>
			<ymin>171</ymin>
			<xmax>523</xmax>
			<ymax>465</ymax>
		</bndbox>
	</object>
	<object>
		<name>red_cone</name>
		<pose>Unspecified</pose>
		<truncated>0</truncated>
		<difficult>0</difficult>
		<bndbox>
			<xmin>791</xmin>
			<ymin>124</ymin>
			<xmax>1023</xmax>
			<ymax>412</ymax>
		</bndbox>
	</object>
</annotation>
