<annotation>
	<folder>cone_pics</folder>
	<filename>cone_pics_54.jpg</filename>
	<path>/home/mg/Pictures/cone_pics/cone_pics_54.jpg</path>
	<source>
		<database>Unknown</database>
	</source>
	<size>
		<width>1280</width>
		<height>720</height>
		<depth>3</depth>
	</size>
	<segmented>0</segmented>
	<object>
		<name>red_cone</name>
		<pose>Unspecified</pose>
		<truncated>0</truncated>
		<difficult>0</difficult>
		<bndbox>
			<xmin>121</xmin>
			<ymin>103</ymin>
			<xmax>429</xmax>
			<ymax>548</ymax>
		</bndbox>
	</object>
	<object>
		<name>yellow_cone</name>
		<pose>Unspecified</pose>
		<truncated>1</truncated>
		<difficult>0</difficult>
		<bndbox>
			<xmin>893</xmin>
			<ymin>98</ymin>
			<xmax>1280</xmax>
			<ymax>673</ymax>
		</bndbox>
	</object>
</annotation>
