<annotation>
	<folder>cone_pics_labeled</folder>
	<filename>cone_pics_71.jpg</filename>
	<path>/home/mg/Pictures/cone_pics_labeled/cone_pics_71.jpg</path>
	<source>
		<database>Unknown</database>
	</source>
	<size>
		<width>1280</width>
		<height>720</height>
		<depth>3</depth>
	</size>
	<segmented>0</segmented>
	<object>
		<name>yellow_cone</name>
		<pose>Unspecified</pose>
		<truncated>0</truncated>
		<difficult>0</difficult>
		<bndbox>
			<xmin>237</xmin>
			<ymin>162</ymin>
			<xmax>396</xmax>
			<ymax>314</ymax>
		</bndbox>
	</object>
	<object>
		<name>green_cone</name>
		<pose>Unspecified</pose>
		<truncated>0</truncated>
		<difficult>0</difficult>
		<bndbox>
			<xmin>742</xmin>
			<ymin>194</ymin>
			<xmax>893</xmax>
			<ymax>343</ymax>
		</bndbox>
	</object>
	<object>
		<name>red_cone</name>
		<pose>Unspecified</pose>
		<truncated>1</truncated>
		<difficult>0</difficult>
		<bndbox>
			<xmin>651</xmin>
			<ymin>582</ymin>
			<xmax>777</xmax>
			<ymax>720</ymax>
		</bndbox>
	</object>
</annotation>
