<annotation>
	<folder>cone_pics_labeled</folder>
	<filename>cone_pics_64.jpg</filename>
	<path>/home/mg/Pictures/cone_pics_labeled/cone_pics_64.jpg</path>
	<source>
		<database>Unknown</database>
	</source>
	<size>
		<width>1280</width>
		<height>720</height>
		<depth>3</depth>
	</size>
	<segmented>0</segmented>
	<object>
		<name>red_cone</name>
		<pose>Unspecified</pose>
		<truncated>0</truncated>
		<difficult>0</difficult>
		<bndbox>
			<xmin>625</xmin>
			<ymin>447</ymin>
			<xmax>724</xmax>
			<ymax>548</ymax>
		</bndbox>
	</object>
	<object>
		<name>green_cone</name>
		<pose>Unspecified</pose>
		<truncated>0</truncated>
		<difficult>0</difficult>
		<bndbox>
			<xmin>661</xmin>
			<ymin>279</ymin>
			<xmax>739</xmax>
			<ymax>377</ymax>
		</bndbox>
	</object>
	<object>
		<name>yellow_cone</name>
		<pose>Unspecified</pose>
		<truncated>0</truncated>
		<difficult>0</difficult>
		<bndbox>
			<xmin>733</xmin>
			<ymin>187</ymin>
			<xmax>804</xmax>
			<ymax>292</ymax>
		</bndbox>
	</object>
</annotation>
