<annotation>
	<folder>cone_pics_labeled</folder>
	<filename>cone_pics_75.jpg</filename>
	<path>/home/mg/Pictures/cone_pics_labeled/cone_pics_75.jpg</path>
	<source>
		<database>Unknown</database>
	</source>
	<size>
		<width>1280</width>
		<height>720</height>
		<depth>3</depth>
	</size>
	<segmented>0</segmented>
	<object>
		<name>red_cone</name>
		<pose>Unspecified</pose>
		<truncated>0</truncated>
		<difficult>0</difficult>
		<bndbox>
			<xmin>340</xmin>
			<ymin>173</ymin>
			<xmax>663</xmax>
			<ymax>488</ymax>
		</bndbox>
	</object>
</annotation>
