<annotation>
	<folder>cone_pics_labeled</folder>
	<filename>cone_pics_69.jpg</filename>
	<path>/home/mg/Pictures/cone_pics_labeled/cone_pics_69.jpg</path>
	<source>
		<database>Unknown</database>
	</source>
	<size>
		<width>1280</width>
		<height>720</height>
		<depth>3</depth>
	</size>
	<segmented>0</segmented>
	<object>
		<name>yellow_cone</name>
		<pose>Unspecified</pose>
		<truncated>0</truncated>
		<difficult>0</difficult>
		<bndbox>
			<xmin>462</xmin>
			<ymin>391</ymin>
			<xmax>528</xmax>
			<ymax>475</ymax>
		</bndbox>
	</object>
	<object>
		<name>green_cone</name>
		<pose>Unspecified</pose>
		<truncated>0</truncated>
		<difficult>0</difficult>
		<bndbox>
			<xmin>536</xmin>
			<ymin>222</ymin>
			<xmax>584</xmax>
			<ymax>289</ymax>
		</bndbox>
	</object>
	<object>
		<name>red_cone</name>
		<pose>Unspecified</pose>
		<truncated>0</truncated>
		<difficult>0</difficult>
		<bndbox>
			<xmin>560</xmin>
			<ymin>154</ymin>
			<xmax>606</xmax>
			<ymax>219</ymax>
		</bndbox>
	</object>
</annotation>
