<annotation>
	<folder>cone_pics</folder>
	<filename>cone_pics_5.jpg</filename>
	<path>/home/mg/Pictures/cone_pics/cone_pics_5.jpg</path>
	<source>
		<database>Unknown</database>
	</source>
	<size>
		<width>1280</width>
		<height>720</height>
		<depth>3</depth>
	</size>
	<segmented>0</segmented>
	<object>
		<name>red_cone</name>
		<pose>Unspecified</pose>
		<truncated>0</truncated>
		<difficult>0</difficult>
		<bndbox>
			<xmin>191</xmin>
			<ymin>221</ymin>
			<xmax>395</xmax>
			<ymax>535</ymax>
		</bndbox>
	</object>
	<object>
		<name>green_cone</name>
		<pose>Unspecified</pose>
		<truncated>0</truncated>
		<difficult>0</difficult>
		<bndbox>
			<xmin>499</xmin>
			<ymin>156</ymin>
			<xmax>655</xmax>
			<ymax>405</ymax>
		</bndbox>
	</object>
	<object>
		<name>yellow_cone</name>
		<pose>Unspecified</pose>
		<truncated>0</truncated>
		<difficult>0</difficult>
		<bndbox>
			<xmin>813</xmin>
			<ymin>139</ymin>
			<xmax>1014</xmax>
			<ymax>407</ymax>
		</bndbox>
	</object>
</annotation>
