<annotation>
	<folder>cone_pics_labeled</folder>
	<filename>cone_pics_79.jpg</filename>
	<path>/home/mg/Pictures/cone_pics_labeled/cone_pics_79.jpg</path>
	<source>
		<database>Unknown</database>
	</source>
	<size>
		<width>1280</width>
		<height>720</height>
		<depth>3</depth>
	</size>
	<segmented>0</segmented>
	<object>
		<name>yellow_cone</name>
		<pose>Unspecified</pose>
		<truncated>0</truncated>
		<difficult>0</difficult>
		<bndbox>
			<xmin>613</xmin>
			<ymin>59</ymin>
			<xmax>744</xmax>
			<ymax>251</ymax>
		</bndbox>
	</object>
	<object>
		<name>green_cone</name>
		<pose>Unspecified</pose>
		<truncated>0</truncated>
		<difficult>0</difficult>
		<bndbox>
			<xmin>382</xmin>
			<ymin>511</ymin>
			<xmax>560</xmax>
			<ymax>691</ymax>
		</bndbox>
	</object>
	<object>
		<name>red_cone</name>
		<pose>Unspecified</pose>
		<truncated>0</truncated>
		<difficult>0</difficult>
		<bndbox>
			<xmin>1008</xmin>
			<ymin>412</ymin>
			<xmax>1212</xmax>
			<ymax>578</ymax>
		</bndbox>
	</object>
</annotation>
