<annotation>
	<folder>images</folder>
	<filename>cone_pics_85.jpg</filename>
	<path>/home/mg/Documents/csun/ece595r/ece595r-final-project/images/cone_pics_85.jpg</path>
	<source>
		<database>Unknown</database>
	</source>
	<size>
		<width>1280</width>
		<height>720</height>
		<depth>3</depth>
	</size>
	<segmented>0</segmented>
	<object>
		<name>green_cone</name>
		<pose>Unspecified</pose>
		<truncated>0</truncated>
		<difficult>0</difficult>
		<bndbox>
			<xmin>381</xmin>
			<ymin>53</ymin>
			<xmax>585</xmax>
			<ymax>301</ymax>
		</bndbox>
	</object>
	<object>
		<name>red_cone</name>
		<pose>Unspecified</pose>
		<truncated>0</truncated>
		<difficult>0</difficult>
		<bndbox>
			<xmin>897</xmin>
			<ymin>300</ymin>
			<xmax>1138</xmax>
			<ymax>529</ymax>
		</bndbox>
	</object>
</annotation>
