<annotation>
	<folder>images</folder>
	<filename>cone_pics_83.jpg</filename>
	<path>/home/mg/Documents/csun/ece595r/ece595r-final-project/images/cone_pics_83.jpg</path>
	<source>
		<database>Unknown</database>
	</source>
	<size>
		<width>1280</width>
		<height>720</height>
		<depth>3</depth>
	</size>
	<segmented>0</segmented>
	<object>
		<name>yellow_cone</name>
		<pose>Unspecified</pose>
		<truncated>0</truncated>
		<difficult>0</difficult>
		<bndbox>
			<xmin>492</xmin>
			<ymin>47</ymin>
			<xmax>628</xmax>
			<ymax>218</ymax>
		</bndbox>
	</object>
	<object>
		<name>green_cone</name>
		<pose>Unspecified</pose>
		<truncated>0</truncated>
		<difficult>0</difficult>
		<bndbox>
			<xmin>406</xmin>
			<ymin>530</ymin>
			<xmax>538</xmax>
			<ymax>673</ymax>
		</bndbox>
	</object>
	<object>
		<name>red_cone</name>
		<pose>Unspecified</pose>
		<truncated>0</truncated>
		<difficult>0</difficult>
		<bndbox>
			<xmin>784</xmin>
			<ymin>317</ymin>
			<xmax>934</xmax>
			<ymax>475</ymax>
		</bndbox>
	</object>
</annotation>
