<annotation>
	<folder>images</folder>
	<filename>cone_pics_84.jpg</filename>
	<path>/home/mg/Documents/csun/ece595r/ece595r-final-project/images/cone_pics_84.jpg</path>
	<source>
		<database>Unknown</database>
	</source>
	<size>
		<width>1280</width>
		<height>720</height>
		<depth>3</depth>
	</size>
	<segmented>0</segmented>
	<object>
		<name>green_cone</name>
		<pose>Unspecified</pose>
		<truncated>0</truncated>
		<difficult>0</difficult>
		<bndbox>
			<xmin>521</xmin>
			<ymin>173</ymin>
			<xmax>737</xmax>
			<ymax>396</ymax>
		</bndbox>
	</object>
</annotation>
