<annotation>
	<folder>cone_pics_labeled</folder>
	<filename>cone_pics_58.jpg</filename>
	<path>/home/mg/Pictures/cone_pics_labeled/cone_pics_58.jpg</path>
	<source>
		<database>Unknown</database>
	</source>
	<size>
		<width>1280</width>
		<height>720</height>
		<depth>3</depth>
	</size>
	<segmented>0</segmented>
	<object>
		<name>red_cone</name>
		<pose>Unspecified</pose>
		<truncated>0</truncated>
		<difficult>0</difficult>
		<bndbox>
			<xmin>237</xmin>
			<ymin>68</ymin>
			<xmax>365</xmax>
			<ymax>221</ymax>
		</bndbox>
	</object>
	<object>
		<name>yellow_cone</name>
		<pose>Unspecified</pose>
		<truncated>0</truncated>
		<difficult>0</difficult>
		<bndbox>
			<xmin>533</xmin>
			<ymin>127</ymin>
			<xmax>652</xmax>
			<ymax>288</ymax>
		</bndbox>
	</object>
	<object>
		<name>green_cone</name>
		<pose>Unspecified</pose>
		<truncated>0</truncated>
		<difficult>0</difficult>
		<bndbox>
			<xmin>771</xmin>
			<ymin>458</ymin>
			<xmax>903</xmax>
			<ymax>615</ymax>
		</bndbox>
	</object>
</annotation>
