<annotation>
	<folder>cone_pics</folder>
	<filename>cone_pics_53.jpg</filename>
	<path>/home/mg/Pictures/cone_pics/cone_pics_53.jpg</path>
	<source>
		<database>Unknown</database>
	</source>
	<size>
		<width>1280</width>
		<height>720</height>
		<depth>3</depth>
	</size>
	<segmented>0</segmented>
	<object>
		<name>yellow_cone</name>
		<pose>Unspecified</pose>
		<truncated>0</truncated>
		<difficult>0</difficult>
		<bndbox>
			<xmin>399</xmin>
			<ymin>183</ymin>
			<xmax>613</xmax>
			<ymax>514</ymax>
		</bndbox>
	</object>
	<object>
		<name>red_cone</name>
		<pose>Unspecified</pose>
		<truncated>0</truncated>
		<difficult>0</difficult>
		<bndbox>
			<xmin>753</xmin>
			<ymin>150</ymin>
			<xmax>903</xmax>
			<ymax>377</ymax>
		</bndbox>
	</object>
</annotation>
