<annotation>
	<folder>cone_pics</folder>
	<filename>cone_pics_8.jpg</filename>
	<path>/home/mg/Pictures/cone_pics/cone_pics_8.jpg</path>
	<source>
		<database>Unknown</database>
	</source>
	<size>
		<width>1280</width>
		<height>720</height>
		<depth>3</depth>
	</size>
	<segmented>0</segmented>
	<object>
		<name>green_cone</name>
		<pose>Unspecified</pose>
		<truncated>0</truncated>
		<difficult>0</difficult>
		<bndbox>
			<xmin>254</xmin>
			<ymin>216</ymin>
			<xmax>555</xmax>
			<ymax>696</ymax>
		</bndbox>
	</object>
	<object>
		<name>red_cone</name>
		<pose>Unspecified</pose>
		<truncated>0</truncated>
		<difficult>0</difficult>
		<bndbox>
			<xmin>584</xmin>
			<ymin>152</ymin>
			<xmax>866</xmax>
			<ymax>632</ymax>
		</bndbox>
	</object>
	<object>
		<name>yellow_cone</name>
		<pose>Unspecified</pose>
		<truncated>0</truncated>
		<difficult>0</difficult>
		<bndbox>
			<xmin>884</xmin>
			<ymin>83</ymin>
			<xmax>1208</xmax>
			<ymax>545</ymax>
		</bndbox>
	</object>
</annotation>
