<annotation>
	<folder>cone_pics</folder>
	<filename>cone_pics_6.jpg</filename>
	<path>/home/mg/Pictures/cone_pics/cone_pics_6.jpg</path>
	<source>
		<database>Unknown</database>
	</source>
	<size>
		<width>1280</width>
		<height>720</height>
		<depth>3</depth>
	</size>
	<segmented>0</segmented>
	<object>
		<name>red_cone</name>
		<pose>Unspecified</pose>
		<truncated>0</truncated>
		<difficult>0</difficult>
		<bndbox>
			<xmin>496</xmin>
			<ymin>183</ymin>
			<xmax>619</xmax>
			<ymax>348</ymax>
		</bndbox>
	</object>
	<object>
		<name>green_cone</name>
		<pose>Unspecified</pose>
		<truncated>0</truncated>
		<difficult>0</difficult>
		<bndbox>
			<xmin>590</xmin>
			<ymin>183</ymin>
			<xmax>754</xmax>
			<ymax>415</ymax>
		</bndbox>
	</object>
	<object>
		<name>yellow_cone</name>
		<pose>Unspecified</pose>
		<truncated>0</truncated>
		<difficult>0</difficult>
		<bndbox>
			<xmin>832</xmin>
			<ymin>168</ymin>
			<xmax>1063</xmax>
			<ymax>508</ymax>
		</bndbox>
	</object>
</annotation>
