<annotation>
	<folder>cone_pics_labeled</folder>
	<filename>cone_pics_72.jpg</filename>
	<path>/home/mg/Pictures/cone_pics_labeled/cone_pics_72.jpg</path>
	<source>
		<database>Unknown</database>
	</source>
	<size>
		<width>1280</width>
		<height>720</height>
		<depth>3</depth>
	</size>
	<segmented>0</segmented>
	<object>
		<name>red_cone</name>
		<pose>Unspecified</pose>
		<truncated>0</truncated>
		<difficult>0</difficult>
		<bndbox>
			<xmin>614</xmin>
			<ymin>477</ymin>
			<xmax>734</xmax>
			<ymax>628</ymax>
		</bndbox>
	</object>
	<object>
		<name>green_cone</name>
		<pose>Unspecified</pose>
		<truncated>0</truncated>
		<difficult>0</difficult>
		<bndbox>
			<xmin>711</xmin>
			<ymin>92</ymin>
			<xmax>861</xmax>
			<ymax>248</ymax>
		</bndbox>
	</object>
	<object>
		<name>yellow_cone</name>
		<pose>Unspecified</pose>
		<truncated>0</truncated>
		<difficult>0</difficult>
		<bndbox>
			<xmin>204</xmin>
			<ymin>48</ymin>
			<xmax>358</xmax>
			<ymax>205</ymax>
		</bndbox>
	</object>
</annotation>
