<annotation>
	<folder>cone_pics_labeled</folder>
	<filename>cone_pics_80.jpg</filename>
	<path>/home/mg/Pictures/cone_pics_labeled/cone_pics_80.jpg</path>
	<source>
		<database>Unknown</database>
	</source>
	<size>
		<width>1280</width>
		<height>720</height>
		<depth>3</depth>
	</size>
	<segmented>0</segmented>
	<object>
		<name>green_cone</name>
		<pose>Unspecified</pose>
		<truncated>0</truncated>
		<difficult>0</difficult>
		<bndbox>
			<xmin>508</xmin>
			<ymin>185</ymin>
			<xmax>845</xmax>
			<ymax>523</ymax>
		</bndbox>
	</object>
</annotation>
