<annotation>
	<folder>cone_pics_labeled</folder>
	<filename>cone_pics_62.jpg</filename>
	<path>/home/mg/Pictures/cone_pics_labeled/cone_pics_62.jpg</path>
	<source>
		<database>Unknown</database>
	</source>
	<size>
		<width>1280</width>
		<height>720</height>
		<depth>3</depth>
	</size>
	<segmented>0</segmented>
	<object>
		<name>red_cone</name>
		<pose>Unspecified</pose>
		<truncated>0</truncated>
		<difficult>0</difficult>
		<bndbox>
			<xmin>524</xmin>
			<ymin>201</ymin>
			<xmax>570</xmax>
			<ymax>265</ymax>
		</bndbox>
	</object>
	<object>
		<name>yellow_cone</name>
		<pose>Unspecified</pose>
		<truncated>0</truncated>
		<difficult>0</difficult>
		<bndbox>
			<xmin>638</xmin>
			<ymin>197</ymin>
			<xmax>679</xmax>
			<ymax>260</ymax>
		</bndbox>
	</object>
	<object>
		<name>green_cone</name>
		<pose>Unspecified</pose>
		<truncated>0</truncated>
		<difficult>0</difficult>
		<bndbox>
			<xmin>720</xmin>
			<ymin>191</ymin>
			<xmax>766</xmax>
			<ymax>253</ymax>
		</bndbox>
	</object>
</annotation>
