<annotation>
	<folder>cone_pics</folder>
	<filename>cone_pics_19.jpg</filename>
	<path>/home/mg/Pictures/cone_pics/cone_pics_19.jpg</path>
	<source>
		<database>Unknown</database>
	</source>
	<size>
		<width>1280</width>
		<height>720</height>
		<depth>3</depth>
	</size>
	<segmented>0</segmented>
	<object>
		<name>red_cone</name>
		<pose>Unspecified</pose>
		<truncated>0</truncated>
		<difficult>0</difficult>
		<bndbox>
			<xmin>565</xmin>
			<ymin>24</ymin>
			<xmax>659</xmax>
			<ymax>170</ymax>
		</bndbox>
	</object>
</annotation>
