<annotation>
	<folder>cone_pics_labeled</folder>
	<filename>cone_pics_67.jpg</filename>
	<path>/home/mg/Pictures/cone_pics_labeled/cone_pics_67.jpg</path>
	<source>
		<database>Unknown</database>
	</source>
	<size>
		<width>1280</width>
		<height>720</height>
		<depth>3</depth>
	</size>
	<segmented>0</segmented>
	<object>
		<name>red_cone</name>
		<pose>Unspecified</pose>
		<truncated>0</truncated>
		<difficult>0</difficult>
		<bndbox>
			<xmin>566</xmin>
			<ymin>463</ymin>
			<xmax>626</xmax>
			<ymax>551</ymax>
		</bndbox>
	</object>
	<object>
		<name>green_cone</name>
		<pose>Unspecified</pose>
		<truncated>0</truncated>
		<difficult>0</difficult>
		<bndbox>
			<xmin>737</xmin>
			<ymin>389</ymin>
			<xmax>798</xmax>
			<ymax>471</ymax>
		</bndbox>
	</object>
	<object>
		<name>yellow_cone</name>
		<pose>Unspecified</pose>
		<truncated>0</truncated>
		<difficult>0</difficult>
		<bndbox>
			<xmin>988</xmin>
			<ymin>293</ymin>
			<xmax>1037</xmax>
			<ymax>368</ymax>
		</bndbox>
	</object>
</annotation>
