<annotation>
	<folder>images</folder>
	<filename>robot_pics_69.jpg</filename>
	<path>/home/mg/Documents/ece595r-final-project/images/robot_pics_69.jpg</path>
	<source>
		<database>Unknown</database>
	</source>
	<size>
		<width>1280</width>
		<height>720</height>
		<depth>3</depth>
	</size>
	<segmented>0</segmented>
	<object>
		<name>yellow_cone</name>
		<pose>Unspecified</pose>
		<truncated>0</truncated>
		<difficult>0</difficult>
		<bndbox>
			<xmin>588</xmin>
			<ymin>469</ymin>
			<xmax>668</xmax>
			<ymax>560</ymax>
		</bndbox>
	</object>
	<object>
		<name>robot</name>
		<pose>Unspecified</pose>
		<truncated>0</truncated>
		<difficult>0</difficult>
		<bndbox>
			<xmin>538</xmin>
			<ymin>148</ymin>
			<xmax>604</xmax>
			<ymax>214</ymax>
		</bndbox>
	</object>
</annotation>
