<annotation>
	<folder>images</folder>
	<filename>robot_pics_82.jpg</filename>
	<path>/home/mg/Documents/ece595r-final-project/images/robot_pics_82.jpg</path>
	<source>
		<database>Unknown</database>
	</source>
	<size>
		<width>1280</width>
		<height>720</height>
		<depth>3</depth>
	</size>
	<segmented>0</segmented>
	<object>
		<name>red_cone</name>
		<pose>Unspecified</pose>
		<truncated>0</truncated>
		<difficult>0</difficult>
		<bndbox>
			<xmin>602</xmin>
			<ymin>443</ymin>
			<xmax>686</xmax>
			<ymax>520</ymax>
		</bndbox>
	</object>
	<object>
		<name>robot</name>
		<pose>Unspecified</pose>
		<truncated>0</truncated>
		<difficult>0</difficult>
		<bndbox>
			<xmin>849</xmin>
			<ymin>243</ymin>
			<xmax>925</xmax>
			<ymax>317</ymax>
		</bndbox>
	</object>
</annotation>
