<annotation>
	<folder>images</folder>
	<filename>robot_pics_90.jpg</filename>
	<path>/home/mg/Documents/ece595r-final-project/images/robot_pics_90.jpg</path>
	<source>
		<database>Unknown</database>
	</source>
	<size>
		<width>1280</width>
		<height>720</height>
		<depth>3</depth>
	</size>
	<segmented>0</segmented>
	<object>
		<name>green_cone</name>
		<pose>Unspecified</pose>
		<truncated>0</truncated>
		<difficult>0</difficult>
		<bndbox>
			<xmin>369</xmin>
			<ymin>233</ymin>
			<xmax>429</xmax>
			<ymax>305</ymax>
		</bndbox>
	</object>
	<object>
		<name>robot</name>
		<pose>Unspecified</pose>
		<truncated>0</truncated>
		<difficult>0</difficult>
		<bndbox>
			<xmin>479</xmin>
			<ymin>243</ymin>
			<xmax>530</xmax>
			<ymax>283</ymax>
		</bndbox>
	</object>
	<object>
		<name>red_cone</name>
		<pose>Unspecified</pose>
		<truncated>0</truncated>
		<difficult>0</difficult>
		<bndbox>
			<xmin>573</xmin>
			<ymin>220</ymin>
			<xmax>625</xmax>
			<ymax>291</ymax>
		</bndbox>
	</object>
	<object>
		<name>yellow_cone</name>
		<pose>Unspecified</pose>
		<truncated>0</truncated>
		<difficult>0</difficult>
		<bndbox>
			<xmin>579</xmin>
			<ymin>307</ymin>
			<xmax>641</xmax>
			<ymax>391</ymax>
		</bndbox>
	</object>
</annotation>
