<annotation>
	<folder>images</folder>
	<filename>robot_pics_67.jpg</filename>
	<path>/home/mg/Documents/ece595r-final-project/images/robot_pics_67.jpg</path>
	<source>
		<database>Unknown</database>
	</source>
	<size>
		<width>1280</width>
		<height>720</height>
		<depth>3</depth>
	</size>
	<segmented>0</segmented>
	<object>
		<name>green_cone</name>
		<pose>Unspecified</pose>
		<truncated>0</truncated>
		<difficult>0</difficult>
		<bndbox>
			<xmin>373</xmin>
			<ymin>308</ymin>
			<xmax>458</xmax>
			<ymax>391</ymax>
		</bndbox>
	</object>
	<object>
		<name>robot</name>
		<pose>Unspecified</pose>
		<truncated>0</truncated>
		<difficult>0</difficult>
		<bndbox>
			<xmin>785</xmin>
			<ymin>433</ymin>
			<xmax>868</xmax>
			<ymax>503</ymax>
		</bndbox>
	</object>
</annotation>
