<annotation>
	<folder>images</folder>
	<filename>robot_pics_62.jpg</filename>
	<path>/home/mg/Documents/ece595r-final-project/images/robot_pics_62.jpg</path>
	<source>
		<database>Unknown</database>
	</source>
	<size>
		<width>1280</width>
		<height>720</height>
		<depth>3</depth>
	</size>
	<segmented>0</segmented>
	<object>
		<name>robot</name>
		<pose>Unspecified</pose>
		<truncated>0</truncated>
		<difficult>0</difficult>
		<bndbox>
			<xmin>519</xmin>
			<ymin>486</ymin>
			<xmax>599</xmax>
			<ymax>568</ymax>
		</bndbox>
	</object>
	<object>
		<name>green_cone</name>
		<pose>Unspecified</pose>
		<truncated>0</truncated>
		<difficult>0</difficult>
		<bndbox>
			<xmin>550</xmin>
			<ymin>104</ymin>
			<xmax>616</xmax>
			<ymax>195</ymax>
		</bndbox>
	</object>
</annotation>
