<annotation>
	<folder>images</folder>
	<filename>robot_pics_75.jpg</filename>
	<path>/home/mg/Documents/ece595r-final-project/images/robot_pics_75.jpg</path>
	<source>
		<database>Unknown</database>
	</source>
	<size>
		<width>1280</width>
		<height>720</height>
		<depth>3</depth>
	</size>
	<segmented>0</segmented>
	<object>
		<name>robot</name>
		<pose>Unspecified</pose>
		<truncated>0</truncated>
		<difficult>0</difficult>
		<bndbox>
			<xmin>424</xmin>
			<ymin>173</ymin>
			<xmax>921</xmax>
			<ymax>495</ymax>
		</bndbox>
	</object>
</annotation>
