<annotation>
	<folder>images</folder>
	<filename>robot_pics_73.jpg</filename>
	<path>/home/mg/Documents/ece595r-final-project/images/robot_pics_73.jpg</path>
	<source>
		<database>Unknown</database>
	</source>
	<size>
		<width>1280</width>
		<height>720</height>
		<depth>3</depth>
	</size>
	<segmented>0</segmented>
	<object>
		<name>robot</name>
		<pose>Unspecified</pose>
		<truncated>0</truncated>
		<difficult>0</difficult>
		<bndbox>
			<xmin>645</xmin>
			<ymin>373</ymin>
			<xmax>711</xmax>
			<ymax>444</ymax>
		</bndbox>
	</object>
	<object>
		<name>yellow_cone</name>
		<pose>Unspecified</pose>
		<truncated>0</truncated>
		<difficult>0</difficult>
		<bndbox>
			<xmin>615</xmin>
			<ymin>52</ymin>
			<xmax>673</xmax>
			<ymax>133</ymax>
		</bndbox>
	</object>
</annotation>
