<annotation>
	<folder>images</folder>
	<filename>robot_pics_94.jpg</filename>
	<path>/home/mg/Documents/ece595r-final-project/images/robot_pics_94.jpg</path>
	<source>
		<database>Unknown</database>
	</source>
	<size>
		<width>1280</width>
		<height>720</height>
		<depth>3</depth>
	</size>
	<segmented>0</segmented>
	<object>
		<name>green_cone</name>
		<pose>Unspecified</pose>
		<truncated>0</truncated>
		<difficult>0</difficult>
		<bndbox>
			<xmin>503</xmin>
			<ymin>448</ymin>
			<xmax>577</xmax>
			<ymax>514</ymax>
		</bndbox>
	</object>
	<object>
		<name>red_cone</name>
		<pose>Unspecified</pose>
		<truncated>0</truncated>
		<difficult>0</difficult>
		<bndbox>
			<xmin>734</xmin>
			<ymin>290</ymin>
			<xmax>802</xmax>
			<ymax>361</ymax>
		</bndbox>
	</object>
	<object>
		<name>yellow_cone</name>
		<pose>Unspecified</pose>
		<truncated>0</truncated>
		<difficult>0</difficult>
		<bndbox>
			<xmin>876</xmin>
			<ymin>475</ymin>
			<xmax>953</xmax>
			<ymax>557</ymax>
		</bndbox>
	</object>
	<object>
		<name>robot</name>
		<pose>Unspecified</pose>
		<truncated>0</truncated>
		<difficult>0</difficult>
		<bndbox>
			<xmin>602</xmin>
			<ymin>334</ymin>
			<xmax>676</xmax>
			<ymax>398</ymax>
		</bndbox>
	</object>
</annotation>
