<annotation>
	<folder>images</folder>
	<filename>robot_pics_66.jpg</filename>
	<path>/home/mg/Documents/ece595r-final-project/images/robot_pics_66.jpg</path>
	<source>
		<database>Unknown</database>
	</source>
	<size>
		<width>1280</width>
		<height>720</height>
		<depth>3</depth>
	</size>
	<segmented>0</segmented>
	<object>
		<name>robot</name>
		<pose>Unspecified</pose>
		<truncated>0</truncated>
		<difficult>0</difficult>
		<bndbox>
			<xmin>914</xmin>
			<ymin>336</ymin>
			<xmax>1056</xmax>
			<ymax>456</ymax>
		</bndbox>
	</object>
	<object>
		<name>green_cone</name>
		<pose>Unspecified</pose>
		<truncated>0</truncated>
		<difficult>0</difficult>
		<bndbox>
			<xmin>220</xmin>
			<ymin>251</ymin>
			<xmax>351</xmax>
			<ymax>366</ymax>
		</bndbox>
	</object>
</annotation>
