<annotation>
	<folder>images</folder>
	<filename>robot_pics_85.jpg</filename>
	<path>/home/mg/Documents/ece595r-final-project/images/robot_pics_85.jpg</path>
	<source>
		<database>Unknown</database>
	</source>
	<size>
		<width>1280</width>
		<height>720</height>
		<depth>3</depth>
	</size>
	<segmented>0</segmented>
	<object>
		<name>yellow_cone</name>
		<pose>Unspecified</pose>
		<truncated>0</truncated>
		<difficult>0</difficult>
		<bndbox>
			<xmin>163</xmin>
			<ymin>311</ymin>
			<xmax>336</xmax>
			<ymax>451</ymax>
		</bndbox>
	</object>
	<object>
		<name>robot</name>
		<pose>Unspecified</pose>
		<truncated>0</truncated>
		<difficult>0</difficult>
		<bndbox>
			<xmin>899</xmin>
			<ymin>285</ymin>
			<xmax>1077</xmax>
			<ymax>434</ymax>
		</bndbox>
	</object>
</annotation>
