<annotation>
	<folder>images</folder>
	<filename>robot_pics_71.jpg</filename>
	<path>/home/mg/Documents/ece595r-final-project/images/robot_pics_71.jpg</path>
	<source>
		<database>Unknown</database>
	</source>
	<size>
		<width>1280</width>
		<height>720</height>
		<depth>3</depth>
	</size>
	<segmented>0</segmented>
	<object>
		<name>robot</name>
		<pose>Unspecified</pose>
		<truncated>0</truncated>
		<difficult>0</difficult>
		<bndbox>
			<xmin>314</xmin>
			<ymin>481</ymin>
			<xmax>394</xmax>
			<ymax>557</ymax>
		</bndbox>
	</object>
	<object>
		<name>yellow_cone</name>
		<pose>Unspecified</pose>
		<truncated>0</truncated>
		<difficult>0</difficult>
		<bndbox>
			<xmin>719</xmin>
			<ymin>452</ymin>
			<xmax>790</xmax>
			<ymax>530</ymax>
		</bndbox>
	</object>
</annotation>
