<annotation>
	<folder>cone_pics_labeled</folder>
	<filename>robot_pics_2.jpg</filename>
	<path>/home/mg/Pictures/cone_pics_labeled/robot_pics_2.jpg</path>
	<source>
		<database>Unknown</database>
	</source>
	<size>
		<width>1280</width>
		<height>720</height>
		<depth>3</depth>
	</size>
	<segmented>0</segmented>
	<object>
		<name>robot</name>
		<pose>Unspecified</pose>
		<truncated>0</truncated>
		<difficult>0</difficult>
		<bndbox>
			<xmin>534</xmin>
			<ymin>232</ymin>
			<xmax>624</xmax>
			<ymax>319</ymax>
		</bndbox>
	</object>
	<object>
		<name>red_cone</name>
		<pose>Unspecified</pose>
		<truncated>0</truncated>
		<difficult>0</difficult>
		<bndbox>
			<xmin>657</xmin>
			<ymin>455</ymin>
			<xmax>769</xmax>
			<ymax>585</ymax>
		</bndbox>
	</object>
</annotation>
