<annotation>
	<folder>cone_pics_labeled</folder>
	<filename>robot_pics_7.jpg</filename>
	<path>/home/mg/Pictures/cone_pics_labeled/robot_pics_7.jpg</path>
	<source>
		<database>Unknown</database>
	</source>
	<size>
		<width>1280</width>
		<height>720</height>
		<depth>3</depth>
	</size>
	<segmented>0</segmented>
	<object>
		<name>red_cone</name>
		<pose>Unspecified</pose>
		<truncated>0</truncated>
		<difficult>0</difficult>
		<bndbox>
			<xmin>399</xmin>
			<ymin>228</ymin>
			<xmax>497</xmax>
			<ymax>357</ymax>
		</bndbox>
	</object>
	<object>
		<name>yellow_cone</name>
		<pose>Unspecified</pose>
		<truncated>0</truncated>
		<difficult>0</difficult>
		<bndbox>
			<xmin>803</xmin>
			<ymin>123</ymin>
			<xmax>890</xmax>
			<ymax>242</ymax>
		</bndbox>
	</object>
	<object>
		<name>green_cone</name>
		<pose>Unspecified</pose>
		<truncated>0</truncated>
		<difficult>0</difficult>
		<bndbox>
			<xmin>741</xmin>
			<ymin>481</ymin>
			<xmax>844</xmax>
			<ymax>603</ymax>
		</bndbox>
	</object>
	<object>
		<name>robot</name>
		<pose>Unspecified</pose>
		<truncated>0</truncated>
		<difficult>0</difficult>
		<bndbox>
			<xmin>654</xmin>
			<ymin>294</ymin>
			<xmax>735</xmax>
			<ymax>368</ymax>
		</bndbox>
	</object>
</annotation>
