<annotation>
	<folder>cone_pics_labeled</folder>
	<filename>robot_pics_1.jpg</filename>
	<path>/home/mg/Pictures/cone_pics_labeled/robot_pics_1.jpg</path>
	<source>
		<database>Unknown</database>
	</source>
	<size>
		<width>1280</width>
		<height>720</height>
		<depth>3</depth>
	</size>
	<segmented>0</segmented>
	<object>
		<name>robot</name>
		<pose>Unspecified</pose>
		<truncated>0</truncated>
		<difficult>0</difficult>
		<bndbox>
			<xmin>419</xmin>
			<ymin>290</ymin>
			<xmax>546</xmax>
			<ymax>416</ymax>
		</bndbox>
	</object>
	<object>
		<name>red_cone</name>
		<pose>Unspecified</pose>
		<truncated>0</truncated>
		<difficult>0</difficult>
		<bndbox>
			<xmin>818</xmin>
			<ymin>398</ymin>
			<xmax>963</xmax>
			<ymax>549</ymax>
		</bndbox>
	</object>
</annotation>
