<annotation>
	<folder>cone_pics_labeled</folder>
	<filename>robot_pics_4.jpg</filename>
	<path>/home/mg/Pictures/cone_pics_labeled/robot_pics_4.jpg</path>
	<source>
		<database>Unknown</database>
	</source>
	<size>
		<width>1280</width>
		<height>720</height>
		<depth>3</depth>
	</size>
	<segmented>0</segmented>
	<object>
		<name>yellow_cone</name>
		<pose>Unspecified</pose>
		<truncated>0</truncated>
		<difficult>0</difficult>
		<bndbox>
			<xmin>501</xmin>
			<ymin>172</ymin>
			<xmax>616</xmax>
			<ymax>305</ymax>
		</bndbox>
	</object>
	<object>
		<name>robot</name>
		<pose>Unspecified</pose>
		<truncated>0</truncated>
		<difficult>0</difficult>
		<bndbox>
			<xmin>846</xmin>
			<ymin>257</ymin>
			<xmax>966</xmax>
			<ymax>379</ymax>
		</bndbox>
	</object>
</annotation>
