<annotation>
	<folder>cone_pics_labeled</folder>
	<filename>robot_pics_5.jpg</filename>
	<path>/home/mg/Pictures/cone_pics_labeled/robot_pics_5.jpg</path>
	<source>
		<database>Unknown</database>
	</source>
	<size>
		<width>1280</width>
		<height>720</height>
		<depth>3</depth>
	</size>
	<segmented>0</segmented>
	<object>
		<name>robot</name>
		<pose>Unspecified</pose>
		<truncated>0</truncated>
		<difficult>0</difficult>
		<bndbox>
			<xmin>823</xmin>
			<ymin>126</ymin>
			<xmax>1065</xmax>
			<ymax>357</ymax>
		</bndbox>
	</object>
	<object>
		<name>yellow_cone</name>
		<pose>Unspecified</pose>
		<truncated>0</truncated>
		<difficult>0</difficult>
		<bndbox>
			<xmin>86</xmin>
			<ymin>190</ymin>
			<xmax>348</xmax>
			<ymax>411</ymax>
		</bndbox>
	</object>
</annotation>
