<annotation>
	<folder>images</folder>
	<filename>robot_pics_89.jpg</filename>
	<path>/home/mg/Documents/ece595r-final-project/images/robot_pics_89.jpg</path>
	<source>
		<database>Unknown</database>
	</source>
	<size>
		<width>1280</width>
		<height>720</height>
		<depth>3</depth>
	</size>
	<segmented>0</segmented>
	<object>
		<name>green_cone</name>
		<pose>Unspecified</pose>
		<truncated>0</truncated>
		<difficult>0</difficult>
		<bndbox>
			<xmin>559</xmin>
			<ymin>191</ymin>
			<xmax>614</xmax>
			<ymax>274</ymax>
		</bndbox>
	</object>
	<object>
		<name>yellow_cone</name>
		<pose>Unspecified</pose>
		<truncated>0</truncated>
		<difficult>0</difficult>
		<bndbox>
			<xmin>789</xmin>
			<ymin>200</ymin>
			<xmax>862</xmax>
			<ymax>305</ymax>
		</bndbox>
	</object>
	<object>
		<name>robot</name>
		<pose>Unspecified</pose>
		<truncated>0</truncated>
		<difficult>0</difficult>
		<bndbox>
			<xmin>680</xmin>
			<ymin>239</ymin>
			<xmax>738</xmax>
			<ymax>272</ymax>
		</bndbox>
	</object>
</annotation>
