<annotation>
	<folder>images</folder>
	<filename>robot_pics_88.jpg</filename>
	<path>/home/mg/Documents/ece595r-final-project/images/robot_pics_88.jpg</path>
	<source>
		<database>Unknown</database>
	</source>
	<size>
		<width>1280</width>
		<height>720</height>
		<depth>3</depth>
	</size>
	<segmented>0</segmented>
	<object>
		<name>green_cone</name>
		<pose>Unspecified</pose>
		<truncated>0</truncated>
		<difficult>0</difficult>
		<bndbox>
			<xmin>489</xmin>
			<ymin>153</ymin>
			<xmax>550</xmax>
			<ymax>243</ymax>
		</bndbox>
	</object>
	<object>
		<name>robot</name>
		<pose>Unspecified</pose>
		<truncated>0</truncated>
		<difficult>0</difficult>
		<bndbox>
			<xmin>610</xmin>
			<ymin>204</ymin>
			<xmax>677</xmax>
			<ymax>236</ymax>
		</bndbox>
	</object>
	<object>
		<name>yellow_cone</name>
		<pose>Unspecified</pose>
		<truncated>0</truncated>
		<difficult>0</difficult>
		<bndbox>
			<xmin>719</xmin>
			<ymin>166</ymin>
			<xmax>782</xmax>
			<ymax>270</ymax>
		</bndbox>
	</object>
</annotation>
