<annotation>
	<folder>cone_pics_labeled</folder>
	<filename>robot_pics_8.jpg</filename>
	<path>/home/mg/Pictures/cone_pics_labeled/robot_pics_8.jpg</path>
	<source>
		<database>Unknown</database>
	</source>
	<size>
		<width>1280</width>
		<height>720</height>
		<depth>3</depth>
	</size>
	<segmented>0</segmented>
	<object>
		<name>red_cone</name>
		<pose>Unspecified</pose>
		<truncated>0</truncated>
		<difficult>0</difficult>
		<bndbox>
			<xmin>566</xmin>
			<ymin>364</ymin>
			<xmax>643</xmax>
			<ymax>462</ymax>
		</bndbox>
	</object>
	<object>
		<name>yellow_cone</name>
		<pose>Unspecified</pose>
		<truncated>0</truncated>
		<difficult>0</difficult>
		<bndbox>
			<xmin>916</xmin>
			<ymin>188</ymin>
			<xmax>1000</xmax>
			<ymax>296</ymax>
		</bndbox>
	</object>
	<object>
		<name>green_cone</name>
		<pose>Unspecified</pose>
		<truncated>0</truncated>
		<difficult>0</difficult>
		<bndbox>
			<xmin>906</xmin>
			<ymin>582</ymin>
			<xmax>1012</xmax>
			<ymax>676</ymax>
		</bndbox>
	</object>
	<object>
		<name>robot</name>
		<pose>Unspecified</pose>
		<truncated>0</truncated>
		<difficult>0</difficult>
		<bndbox>
			<xmin>792</xmin>
			<ymin>373</ymin>
			<xmax>877</xmax>
			<ymax>453</ymax>
		</bndbox>
	</object>
</annotation>
