<annotation>
	<folder>images</folder>
	<filename>robot_pics_72.jpg</filename>
	<path>/home/mg/Documents/ece595r-final-project/images/robot_pics_72.jpg</path>
	<source>
		<database>Unknown</database>
	</source>
	<size>
		<width>1280</width>
		<height>720</height>
		<depth>3</depth>
	</size>
	<segmented>0</segmented>
	<object>
		<name>robot</name>
		<pose>Unspecified</pose>
		<truncated>0</truncated>
		<difficult>0</difficult>
		<bndbox>
			<xmin>545</xmin>
			<ymin>553</ymin>
			<xmax>689</xmax>
			<ymax>704</ymax>
		</bndbox>
	</object>
	<object>
		<name>yellow_cone</name>
		<pose>Unspecified</pose>
		<truncated>1</truncated>
		<difficult>0</difficult>
		<bndbox>
			<xmin>441</xmin>
			<ymin>1</ymin>
			<xmax>549</xmax>
			<ymax>148</ymax>
		</bndbox>
	</object>
</annotation>
