<annotation>
	<folder>cone_pics_labeled</folder>
	<filename>robot_pics_3.jpg</filename>
	<path>/home/mg/Pictures/cone_pics_labeled/robot_pics_3.jpg</path>
	<source>
		<database>Unknown</database>
	</source>
	<size>
		<width>1280</width>
		<height>720</height>
		<depth>3</depth>
	</size>
	<segmented>0</segmented>
	<object>
		<name>robot</name>
		<pose>Unspecified</pose>
		<truncated>0</truncated>
		<difficult>0</difficult>
		<bndbox>
			<xmin>691</xmin>
			<ymin>207</ymin>
			<xmax>775</xmax>
			<ymax>282</ymax>
		</bndbox>
	</object>
	<object>
		<name>red_cone</name>
		<pose>Unspecified</pose>
		<truncated>0</truncated>
		<difficult>0</difficult>
		<bndbox>
			<xmin>514</xmin>
			<ymin>364</ymin>
			<xmax>623</xmax>
			<ymax>488</ymax>
		</bndbox>
	</object>
</annotation>
