<annotation>
	<folder>images</folder>
	<filename>robot_pics_64.jpg</filename>
	<path>/home/mg/Documents/ece595r-final-project/images/robot_pics_64.jpg</path>
	<source>
		<database>Unknown</database>
	</source>
	<size>
		<width>1280</width>
		<height>720</height>
		<depth>3</depth>
	</size>
	<segmented>0</segmented>
	<object>
		<name>green_cone</name>
		<pose>Unspecified</pose>
		<truncated>0</truncated>
		<difficult>0</difficult>
		<bndbox>
			<xmin>349</xmin>
			<ymin>468</ymin>
			<xmax>438</xmax>
			<ymax>557</ymax>
		</bndbox>
	</object>
	<object>
		<name>robot</name>
		<pose>Unspecified</pose>
		<truncated>0</truncated>
		<difficult>0</difficult>
		<bndbox>
			<xmin>886</xmin>
			<ymin>505</ymin>
			<xmax>988</xmax>
			<ymax>596</ymax>
		</bndbox>
	</object>
</annotation>
