<annotation>
	<folder>cone_pics_labeled</folder>
	<filename>robot_pics_13.jpg</filename>
	<path>/home/mg/Pictures/cone_pics_labeled/robot_pics_13.jpg</path>
	<source>
		<database>Unknown</database>
	</source>
	<size>
		<width>1280</width>
		<height>720</height>
		<depth>3</depth>
	</size>
	<segmented>0</segmented>
	<object>
		<name>robot</name>
		<pose>Unspecified</pose>
		<truncated>0</truncated>
		<difficult>0</difficult>
		<bndbox>
			<xmin>491</xmin>
			<ymin>271</ymin>
			<xmax>589</xmax>
			<ymax>368</ymax>
		</bndbox>
	</object>
</annotation>
