<annotation>
	<folder>images</folder>
	<filename>robot_pics_60.jpg</filename>
	<path>/home/mg/Documents/ece595r-final-project/images/robot_pics_60.jpg</path>
	<source>
		<database>Unknown</database>
	</source>
	<size>
		<width>1280</width>
		<height>720</height>
		<depth>3</depth>
	</size>
	<segmented>0</segmented>
	<object>
		<name>robot</name>
		<pose>Unspecified</pose>
		<truncated>0</truncated>
		<difficult>0</difficult>
		<bndbox>
			<xmin>795</xmin>
			<ymin>272</ymin>
			<xmax>849</xmax>
			<ymax>320</ymax>
		</bndbox>
	</object>
</annotation>
