<annotation>
	<folder>cone_pics_labeled</folder>
	<filename>robot_pics_17.jpg</filename>
	<path>/home/mg/Pictures/cone_pics_labeled/robot_pics_17.jpg</path>
	<source>
		<database>Unknown</database>
	</source>
	<size>
		<width>1280</width>
		<height>720</height>
		<depth>3</depth>
	</size>
	<segmented>0</segmented>
	<object>
		<name>robot</name>
		<pose>Unspecified</pose>
		<truncated>0</truncated>
		<difficult>0</difficult>
		<bndbox>
			<xmin>609</xmin>
			<ymin>412</ymin>
			<xmax>727</xmax>
			<ymax>528</ymax>
		</bndbox>
	</object>
	<object>
		<name>yellow_cone</name>
		<pose>Unspecified</pose>
		<truncated>0</truncated>
		<difficult>0</difficult>
		<bndbox>
			<xmin>423</xmin>
			<ymin>382</ymin>
			<xmax>552</xmax>
			<ymax>503</ymax>
		</bndbox>
	</object>
	<object>
		<name>green_cone</name>
		<pose>Unspecified</pose>
		<truncated>0</truncated>
		<difficult>0</difficult>
		<bndbox>
			<xmin>514</xmin>
			<ymin>130</ymin>
			<xmax>615</xmax>
			<ymax>263</ymax>
		</bndbox>
	</object>
	<object>
		<name>red_cone</name>
		<pose>Unspecified</pose>
		<truncated>0</truncated>
		<difficult>0</difficult>
		<bndbox>
			<xmin>728</xmin>
			<ymin>260</ymin>
			<xmax>866</xmax>
			<ymax>398</ymax>
		</bndbox>
	</object>
</annotation>
