<annotation>
	<folder>cone_pics_labeled</folder>
	<filename>robot_pics_6.jpg</filename>
	<path>/home/mg/Pictures/cone_pics_labeled/robot_pics_6.jpg</path>
	<source>
		<database>Unknown</database>
	</source>
	<size>
		<width>1280</width>
		<height>720</height>
		<depth>3</depth>
	</size>
	<segmented>0</segmented>
	<object>
		<name>robot</name>
		<pose>Unspecified</pose>
		<truncated>0</truncated>
		<difficult>0</difficult>
		<bndbox>
			<xmin>644</xmin>
			<ymin>364</ymin>
			<xmax>774</xmax>
			<ymax>489</ymax>
		</bndbox>
	</object>
	<object>
		<name>yellow_cone</name>
		<pose>Unspecified</pose>
		<truncated>0</truncated>
		<difficult>0</difficult>
		<bndbox>
			<xmin>700</xmin>
			<ymin>4</ymin>
			<xmax>808</xmax>
			<ymax>162</ymax>
		</bndbox>
	</object>
	<object>
		<name>green_cone</name>
		<pose>Unspecified</pose>
		<truncated>1</truncated>
		<difficult>0</difficult>
		<bndbox>
			<xmin>945</xmin>
			<ymin>579</ymin>
			<xmax>1127</xmax>
			<ymax>720</ymax>
		</bndbox>
	</object>
	<object>
		<name>red_cone</name>
		<pose>Unspecified</pose>
		<truncated>0</truncated>
		<difficult>0</difficult>
		<bndbox>
			<xmin>311</xmin>
			<ymin>555</ymin>
			<xmax>445</xmax>
			<ymax>693</ymax>
		</bndbox>
	</object>
</annotation>
