<annotation>
	<folder>images</folder>
	<filename>robot_pics_70.jpg</filename>
	<path>/home/mg/Documents/ece595r-final-project/images/robot_pics_70.jpg</path>
	<source>
		<database>Unknown</database>
	</source>
	<size>
		<width>1280</width>
		<height>720</height>
		<depth>3</depth>
	</size>
	<segmented>0</segmented>
	<object>
		<name>red_cone</name>
		<pose>Unspecified</pose>
		<truncated>0</truncated>
		<difficult>0</difficult>
		<bndbox>
			<xmin>282</xmin>
			<ymin>221</ymin>
			<xmax>408</xmax>
			<ymax>335</ymax>
		</bndbox>
	</object>
	<object>
		<name>yellow_cone</name>
		<pose>Unspecified</pose>
		<truncated>0</truncated>
		<difficult>0</difficult>
		<bndbox>
			<xmin>937</xmin>
			<ymin>303</ymin>
			<xmax>1049</xmax>
			<ymax>418</ymax>
		</bndbox>
	</object>
</annotation>
