<annotation>
	<folder>images</folder>
	<filename>robot_pics_18.jpg</filename>
	<path>/home/mg/Documents/ece595r-final-project/images/robot_pics_18.jpg</path>
	<source>
		<database>Unknown</database>
	</source>
	<size>
		<width>1280</width>
		<height>720</height>
		<depth>3</depth>
	</size>
	<segmented>0</segmented>
	<object>
		<name>green_cone</name>
		<pose>Unspecified</pose>
		<truncated>0</truncated>
		<difficult>0</difficult>
		<bndbox>
			<xmin>545</xmin>
			<ymin>246</ymin>
			<xmax>611</xmax>
			<ymax>336</ymax>
		</bndbox>
	</object>
	<object>
		<name>red_cone</name>
		<pose>Unspecified</pose>
		<truncated>0</truncated>
		<difficult>0</difficult>
		<bndbox>
			<xmin>675</xmin>
			<ymin>344</ymin>
			<xmax>760</xmax>
			<ymax>440</ymax>
		</bndbox>
	</object>
	<object>
		<name>yellow_cone</name>
		<pose>Unspecified</pose>
		<truncated>0</truncated>
		<difficult>0</difficult>
		<bndbox>
			<xmin>465</xmin>
			<ymin>387</ymin>
			<xmax>550</xmax>
			<ymax>486</ymax>
		</bndbox>
	</object>
	<object>
		<name>robot</name>
		<pose>Unspecified</pose>
		<truncated>0</truncated>
		<difficult>0</difficult>
		<bndbox>
			<xmin>579</xmin>
			<ymin>431</ymin>
			<xmax>660</xmax>
			<ymax>517</ymax>
		</bndbox>
	</object>
</annotation>
