<annotation>
	<folder>images</folder>
	<filename>robot_pics_83.jpg</filename>
	<path>/home/mg/Documents/ece595r-final-project/images/robot_pics_83.jpg</path>
	<source>
		<database>Unknown</database>
	</source>
	<size>
		<width>1280</width>
		<height>720</height>
		<depth>3</depth>
	</size>
	<segmented>0</segmented>
	<object>
		<name>red_cone</name>
		<pose>Unspecified</pose>
		<truncated>0</truncated>
		<difficult>0</difficult>
		<bndbox>
			<xmin>116</xmin>
			<ymin>238</ymin>
			<xmax>298</xmax>
			<ymax>388</ymax>
		</bndbox>
	</object>
	<object>
		<name>robot</name>
		<pose>Unspecified</pose>
		<truncated>0</truncated>
		<difficult>0</difficult>
		<bndbox>
			<xmin>916</xmin>
			<ymin>300</ymin>
			<xmax>1098</xmax>
			<ymax>453</ymax>
		</bndbox>
	</object>
</annotation>
