<annotation>
	<folder>images</folder>
	<filename>robot_pics_84.jpg</filename>
	<path>/home/mg/Documents/ece595r-final-project/images/robot_pics_84.jpg</path>
	<source>
		<database>Unknown</database>
	</source>
	<size>
		<width>1280</width>
		<height>720</height>
		<depth>3</depth>
	</size>
	<segmented>0</segmented>
	<object>
		<name>green_cone</name>
		<pose>Unspecified</pose>
		<truncated>0</truncated>
		<difficult>0</difficult>
		<bndbox>
			<xmin>150</xmin>
			<ymin>283</ymin>
			<xmax>328</xmax>
			<ymax>427</ymax>
		</bndbox>
	</object>
	<object>
		<name>robot</name>
		<pose>Unspecified</pose>
		<truncated>0</truncated>
		<difficult>0</difficult>
		<bndbox>
			<xmin>910</xmin>
			<ymin>236</ymin>
			<xmax>1090</xmax>
			<ymax>388</ymax>
		</bndbox>
	</object>
</annotation>
