<annotation>
	<folder>images</folder>
	<filename>robot_pics_65.jpg</filename>
	<path>/home/mg/Documents/ece595r-final-project/images/robot_pics_65.jpg</path>
	<source>
		<database>Unknown</database>
	</source>
	<size>
		<width>1280</width>
		<height>720</height>
		<depth>3</depth>
	</size>
	<segmented>0</segmented>
	<object>
		<name>robot</name>
		<pose>Unspecified</pose>
		<truncated>0</truncated>
		<difficult>0</difficult>
		<bndbox>
			<xmin>759</xmin>
			<ymin>425</ymin>
			<xmax>838</xmax>
			<ymax>503</ymax>
		</bndbox>
	</object>
	<object>
		<name>green_cone</name>
		<pose>Unspecified</pose>
		<truncated>0</truncated>
		<difficult>0</difficult>
		<bndbox>
			<xmin>362</xmin>
			<ymin>612</ymin>
			<xmax>445</xmax>
			<ymax>696</ymax>
		</bndbox>
	</object>
</annotation>
